x,y,type,element_type,abs_errors,rel_errors,transient_err
53129.1,3172.02,0,0,-5.47575e-08,5.47575e-08,0,FarField
8000,5928.97,0,0,-0.0177313,0.0177313,0,Eastern Boundary
8000,5809.7,0,0,0.0291166,0.0291166,0,Eastern Boundary
8000,5576.37,0,0,-0.0141907,0.0141907,0,Eastern Boundary
8000,5239.19,0,0,-0.00656494,0.00656494,0,Eastern Boundary
8000,4812.88,0,0,0.0264355,0.0264355,0,Eastern Boundary
8000,4316.09,0,0,-0.0385683,0.0385683,0,Eastern Boundary
8000,3770.51,0,0,0.0408933,0.0408933,0,Eastern Boundary
8000,3200,0,0,-0.0319749,0.0319749,0,Eastern Boundary
8000,2629.49,0,0,0.0140169,0.0140169,0,Eastern Boundary
8000,2083.91,0,0,0.0111503,0.0111503,0,Eastern Boundary
8000,1587.12,0,0,-0.0385574,0.0385574,0,Eastern Boundary
8000,1160.81,0,0,0.0655577,0.0655577,0,Eastern Boundary
8000,823.626,0,0,-0.084659,0.084659,0,Eastern Boundary
8000,590.301,0,0,0.0902193,0.0902193,0,Eastern Boundary
8000,471.032,0,0,-0.0459385,0.0459385,0,Eastern Boundary
1631.88,2177.17,0,0,0.00297615,0.00297615,0,Yellowstone River
1618.25,2138.83,0,0,-0.0051911,0.0051911,0,Yellowstone River
1591.59,2063.83,0,0,0.00325393,0.00325393,0,Yellowstone River
1553.05,1955.45,0,0,-0.000246056,0.000246056,0,Yellowstone River
1504.33,1818.43,0,0,-0.00297149,0.00297149,0,Yellowstone River
1447.55,1658.74,0,0,0.00528999,0.00528999,0,Yellowstone River
1385.2,1483.38,0,0,-0.00626319,0.00626319,0,Yellowstone River
1320,1300,0,0,0.00536406,0.00536406,0,Yellowstone River
1254.8,1116.62,0,0,-0.00274927,0.00274927,0,Yellowstone River
1192.45,941.258,0,0,-0.00146938,0.00146938,0,Yellowstone River
1135.67,781.573,0,0,0.00645142,0.00645142,0,Yellowstone River
1086.95,644.546,0,0,-0.0116896,0.0116896,0,Yellowstone River
1048.41,536.166,0,0,0.0155862,0.0155862,0,Yellowstone River
1021.75,461.168,0,0,-0.0169924,0.0169924,0,Yellowstone River
1008.12,422.832,0,0,0.00871702,0.00871702,0,Yellowstone River
2439.73,3759.96,0,0,0.000514947,0.000514947,0,Yellowstone River
2422.47,3726.31,0,0,-0.000984535,0.000984535,0,Yellowstone River
2388.73,3660.48,0,0,0.000877701,0.000877701,0,Yellowstone River
2339.95,3565.34,0,0,-0.000615112,0.000615112,0,Yellowstone River
2278.29,3445.06,0,0,0.00029169,0.00029169,0,Yellowstone River
2206.43,3304.9,0,0,3.73298e-06,3.73298e-06,0,Yellowstone River
2127.52,3150.97,0,0,-0.000225471,0.000225471,0,Yellowstone River
2045,2990,0,0,0.000339598,0.000339598,0,Yellowstone River
1962.48,2829.03,0,0,-0.000336263,0.000336263,0,Yellowstone River
1883.57,2675.1,0,0,0.000227423,0.000227423,0,Yellowstone River
1811.71,2534.94,0,0,-4.31004e-05,4.31004e-05,0,Yellowstone River
1750.05,2414.66,0,0,-0.000175399,0.000175399,0,Yellowstone River
1701.27,2319.52,0,0,0.000366786,0.000366786,0,Yellowstone River
1667.53,2253.69,0,0,-0.000467776,0.000467776,0,Yellowstone River
1650.27,2220.04,0,0,0.000255215,0.000255215,0,Yellowstone River
4967.66,5971.84,0,0,0.0332574,0.0332574,0,Yellowstone River
4913.35,5924.56,0,0,-0.0635646,0.0635646,0,Yellowstone River
4807.1,5832.06,0,0,0.0552877,0.0552877,0,Yellowstone River
4653.56,5698.39,0,0,-0.0374672,0.0374672,0,Yellowstone River
4459.44,5529.39,0,0,0.0154301,0.0154301,0,Yellowstone River
4233.22,5332.45,0,0,0.0041158,0.0041158,0,Yellowstone River
3984.79,5116.17,0,0,-0.0189937,0.0189937,0,Yellowstone River
3725,4890,0,0,0.0266606,0.0266606,0,Yellowstone River
3465.21,4663.83,0,0,-0.0274001,0.0274001,0,Yellowstone River
3216.78,4447.55,0,0,0.0215555,0.0215555,0,Yellowstone River
2990.56,4250.61,0,0,-0.0115868,0.0115868,0,Yellowstone River
2796.44,4081.61,0,0,-0.000565278,0.000565278,0,Yellowstone River
2642.9,3947.94,0,0,0.0112581,0.0112581,0,Yellowstone River
2536.65,3855.44,0,0,-0.0177823,0.0177823,0,Yellowstone River
2482.34,3808.16,0,0,0.010152,0.010152,0,Yellowstone River
4829.76,5258.73,0,0,0.00269338,0.00269338,0,Gravel Pond
4821.69,5258.95,0,0,-0.00517041,0.00517041,0,Gravel Pond
4805.9,5259.37,0,0,0.00390098,0.00390098,0,Gravel Pond
4783.09,5259.98,0,0,-0.00201011,0.00201011,0,Gravel Pond
4754.25,5260.75,0,0,-0.000493295,0.000493295,0,Gravel Pond
4720.64,5261.64,0,0,0.00224416,0.00224416,0,Gravel Pond
4683.73,5262.63,0,0,-0.0035447,0.0035447,0,Gravel Pond
4645.13,5263.66,0,0,0.00336002,0.00336002,0,Gravel Pond
4606.53,5264.69,0,0,-0.002387,0.002387,0,Gravel Pond
4569.62,5265.67,0,0,-5.03031e-05,5.03031e-05,0,Gravel Pond
4536.01,5266.57,0,0,0.00273421,0.00273421,0,Gravel Pond
4507.17,5267.33,0,0,-0.00610565,0.00610565,0,Gravel Pond
4484.36,5267.94,0,0,0.0083579,0.0083579,0,Gravel Pond
4468.58,5268.36,0,0,-0.00962437,0.00962437,0,Gravel Pond
4460.51,5268.58,0,0,0.00480236,0.00480236,0,Gravel Pond
4949.27,5527.92,0,0,0.00318782,0.00318782,0,Gravel Pond
4946.8,5522.11,0,0,-0.00643308,0.00643308,0,Gravel Pond
4941.96,5510.75,0,0,0.00546015,0.00546015,0,Gravel Pond
4934.96,5494.32,0,0,-0.00393235,0.00393235,0,Gravel Pond
4926.11,5473.56,0,0,0.00153022,0.00153022,0,Gravel Pond
4915.81,5449.36,0,0,0.000229368,0.000229368,0,Gravel Pond
4904.49,5422.78,0,0,-0.00193496,0.00193496,0,Gravel Pond
4892.65,5394.99,0,0,0.00242088,0.00242088,0,Gravel Pond
4880.82,5367.2,0,0,-0.00250379,0.00250379,0,Gravel Pond
4869.5,5340.63,0,0,0.0013404,0.0013404,0,Gravel Pond
4859.19,5316.43,0,0,-5.61117e-05,5.61117e-05,0,Gravel Pond
4850.35,5295.66,0,0,-0.00195026,0.00195026,0,Gravel Pond
4843.35,5279.24,0,0,0.00326726,0.00326726,0,Gravel Pond
4838.51,5267.87,0,0,-0.00428227,0.00428227,0,Gravel Pond
4836.03,5262.06,0,0,0.00213603,0.00213603,0,Gravel Pond
4752.35,5544.72,0,0,0.00169464,0.00169464,0,Gravel Pond
4756.63,5544.43,0,0,-0.00346182,0.00346182,0,Gravel Pond
4765.01,5543.87,0,0,0.00244864,0.00244864,0,Gravel Pond
4777.1,5543.05,0,0,-0.00130763,0.00130763,0,Gravel Pond
4792.4,5542.03,0,0,-0.000508155,0.000508155,0,Gravel Pond
4810.23,5540.83,0,0,0.00155165,0.00155165,0,Gravel Pond
4829.8,5539.51,0,0,-0.00252383,0.00252383,0,Gravel Pond
4850.27,5538.14,0,0,0.00225737,0.00225737,0,Gravel Pond
4870.75,5536.76,0,0,-0.00166115,0.00166115,0,Gravel Pond
4890.32,5535.44,0,0,-0.000123154,0.000123154,0,Gravel Pond
4908.15,5534.25,0,0,0.0018991,0.0018991,0,Gravel Pond
4923.44,5533.22,0,0,-0.00429265,0.00429265,0,Gravel Pond
4935.54,5532.4,0,0,0.00578135,0.00578135,0,Gravel Pond
4943.92,5531.84,0,0,-0.00669255,0.00669255,0,Gravel Pond
4948.2,5531.55,0,0,0.003311,0.003311,0,Gravel Pond
4459.43,5272.21,0,0,0.00449095,0.00449095,0,Gravel Pond
4465.7,5278.09,0,0,-0.00867974,0.00867974,0,Gravel Pond
4477.95,5289.6,0,0,0.00778282,0.00778282,0,Gravel Pond
4495.66,5306.23,0,0,-0.00558698,0.00558698,0,Gravel Pond
4518.05,5327.25,0,0,0.00274829,0.00274829,0,Gravel Pond
4544.14,5351.76,0,0,-0.00015329,0.00015329,0,Gravel Pond
4572.79,5378.66,0,0,-0.00191185,0.00191185,0,Gravel Pond
4602.75,5406.8,0,0,0.00300845,0.00300845,0,Gravel Pond
4632.72,5434.93,0,0,-0.00312114,0.00312114,0,Gravel Pond
4661.37,5461.84,0,0,0.00221096,0.00221096,0,Gravel Pond
4687.46,5486.34,0,0,-0.000625272,0.000625272,0,Gravel Pond
4709.85,5507.37,0,0,-0.0013714,0.0013714,0,Gravel Pond
4727.56,5524,0,0,0.00311557,0.00311557,0,Gravel Pond
4739.81,5535.5,0,0,-0.00411104,0.00411104,0,Gravel Pond
4746.07,5541.39,0,0,0.00224378,0.00224378,0,Gravel Pond
3700,1508.88,0,0,-2.98218e-07,2.98218e-07,0,Zone D
3700,1523.79,0,0,8.0704e-07,8.0704e-07,0,Zone D
3700,1552.95,0,0,-1.20895e-06,1.20895e-06,0,Zone D
3700,1595.1,0,0,1.36511e-06,1.36511e-06,0,Zone D
3700,1648.39,0,0,-1.31154e-06,1.31154e-06,0,Zone D
3700,1710.49,0,0,9.942e-07,9.942e-07,0,Zone D
3700,1778.69,0,0,-5.33844e-07,5.33844e-07,0,Zone D
3700,1850,0,0,-6.56008e-08,6.56008e-08,0,Zone D
3700,1921.31,0,0,6.12977e-07,6.12977e-07,0,Zone D
3700,1989.51,0,0,-1.11476e-06,1.11476e-06,0,Zone D
3700,2051.61,0,0,1.37331e-06,1.37331e-06,0,Zone D
3700,2104.9,0,0,-1.45893e-06,1.45893e-06,0,Zone D
3700,2147.05,0,0,1.24093e-06,1.24093e-06,0,Zone D
3700,2176.21,0,0,-8.60109e-07,8.60109e-07,0,Zone D
3700,2191.12,0,0,2.95266e-07,2.95266e-07,0,Zone D
3700,1203.81,0,0,4.52309e-08,4.52309e-08,0,Zone D
3700,1210.19,0,0,3.13951e-07,3.13951e-07,0,Zone D
3700,1222.69,0,0,3.91639e-07,3.91639e-07,0,Zone D
3700,1240.76,0,0,3.8157e-07,3.8157e-07,0,Zone D
3700,1263.6,0,0,3.51198e-07,3.51198e-07,0,Zone D
3700,1290.21,0,0,3.16777e-07,3.16777e-07,0,Zone D
3700,1319.44,0,0,2.82473e-07,2.82473e-07,0,Zone D
3700,1350,0,0,2.49768e-07,2.49768e-07,0,Zone D
3700,1380.56,0,0,2.20461e-07,2.20461e-07,0,Zone D
3700,1409.79,0,0,1.94711e-07,1.94711e-07,0,Zone D
3700,1436.4,0,0,1.72675e-07,1.72675e-07,0,Zone D
3700,1459.24,0,0,1.50866e-07,1.50866e-07,0,Zone D
3700,1477.31,0,0,1.06429e-07,1.06429e-07,0,Zone D
3700,1489.81,0,0,-8.37657e-08,8.37657e-08,0,Zone D
3700,1496.19,0,0,-9.47682e-07,9.47682e-07,0,Zone D
3700,410.147,0,0,3.9097e-07,3.9097e-07,0,Zone D
3700,427.186,0,0,-6.08467e-07,6.08467e-07,0,Zone D
3700,460.518,0,0,1.17447e-06,1.17447e-06,0,Zone D
3700,508.687,0,0,-9.53236e-07,9.53236e-07,0,Zone D
3700,569.588,0,0,1.03061e-06,1.03061e-06,0,Zone D
3700,640.559,0,0,-2.04759e-07,2.04759e-07,0,Zone D
3700,718.499,0,0,-9.42303e-08,9.42303e-08,0,Zone D
3700,800,0,0,1.36331e-06,1.36331e-06,0,Zone D
3700,881.501,0,0,-1.57612e-06,1.57612e-06,0,Zone D
3700,959.441,0,0,2.82976e-06,2.82976e-06,0,Zone D
3700,1030.41,0,0,-2.43125e-06,2.43125e-06,0,Zone D
3700,1091.31,0,0,3.10682e-06,3.10682e-06,0,Zone D
3700,1139.48,0,0,-1.9129e-06,1.9129e-06,0,Zone D
3700,1172.81,0,0,1.89715e-06,1.89715e-06,0,Zone D
3700,1189.85,0,0,-1.53363e-07,1.53363e-07,0,Zone D
6464.48,400,0,0,0,0,0,Zone D
6404.85,400,0,0,0,0,0,Zone D
6288.19,400,0,0,0,0,0,Zone D
6119.59,400,0,0,0,0,0,Zone D
5906.44,400,0,0,0,0,0,Zone D
5658.04,400,0,0,0,0,0,Zone D
5385.25,400,0,0,0,0,0,Zone D
5100,400,0,0,0,0,0,Zone D
4814.75,400,0,0,0,0,0,Zone D
4541.96,400,0,0,0,0,0,Zone D
4293.56,400,0,0,0,0,0,Zone D
4080.41,400,0,0,0,0,0,Zone D
3911.81,400,0,0,0,0,0,Zone D
3795.15,400,0,0,0,0,0,Zone D
3735.52,400,0,0,0,0,0,Zone D
6500,3164.48,0,0,0,0,0,Zone D
6500,3104.85,0,0,0,0,0,Zone D
6500,2988.19,0,0,0,0,0,Zone D
6500,2819.59,0,0,0,0,0,Zone D
6500,2606.44,0,0,0,0,0,Zone D
6500,2358.04,0,0,0,0,0,Zone D
6500,2085.25,0,0,0,0,0,Zone D
6500,1800,0,0,0,0,0,Zone D
6500,1514.75,0,0,0,0,0,Zone D
6500,1241.96,0,0,0,0,0,Zone D
6500,993.559,0,0,0,0,0,Zone D
6500,780.405,0,0,0,0,0,Zone D
6500,611.813,0,0,0,0,0,Zone D
6500,495.15,0,0,0,0,0,Zone D
6500,435.516,0,0,0,0,0,Zone D
5808.88,3200,0,0,0,0,0,Zone D
5823.79,3200,0,0,0,0,0,Zone D
5852.95,3200,0,0,0,0,0,Zone D
5895.1,3200,0,0,0,0,0,Zone D
5948.39,3200,0,0,0,0,0,Zone D
6010.49,3200,0,0,0,0,0,Zone D
6078.69,3200,0,0,0,0,0,Zone D
6150,3200,0,0,0,0,0,Zone D
6221.31,3200,0,0,0,0,0,Zone D
6289.51,3200,0,0,0,0,0,Zone D
6351.61,3200,0,0,0,0,0,Zone D
6404.9,3200,0,0,0,0,0,Zone D
6447.05,3200,0,0,0,0,0,Zone D
6476.21,3200,0,0,0,0,0,Zone D
6491.12,3200,0,0,0,0,0,Zone D
5503.81,3101.27,0,0,0,0,0,Zone D
5510.19,3103.4,0,0,0,0,0,Zone D
5522.69,3107.56,0,0,0,0,0,Zone D
5540.76,3113.59,0,0,0,0,0,Zone D
5563.6,3121.2,0,0,0,0,0,Zone D
5590.21,3130.07,0,0,0,0,0,Zone D
5619.44,3139.81,0,0,0,0,0,Zone D
5650,3150,0,0,0,0,0,Zone D
5680.56,3160.19,0,0,0,0,0,Zone D
5709.79,3169.93,0,0,0,0,0,Zone D
5736.4,3178.8,0,0,0,0,0,Zone D
5759.24,3186.41,0,0,0,0,0,Zone D
5777.31,3192.44,0,0,0,0,0,Zone D
5789.81,3196.6,0,0,0,0,0,Zone D
5796.19,3198.73,0,0,0,0,0,Zone D
3722.83,2211.42,0,0,-2.19912e-05,2.19912e-05,0,Zone D
3761.17,2230.58,0,0,6.03165e-05,6.03165e-05,0,Zone D
3836.17,2268.08,0,0,-8.42887e-05,8.42887e-05,0,Zone D
3944.55,2322.27,0,0,8.71851e-05,8.71851e-05,0,Zone D
4081.57,2390.79,0,0,-6.76152e-05,6.76152e-05,0,Zone D
4241.26,2470.63,0,0,2.81612e-05,2.81612e-05,0,Zone D
4416.62,2558.31,0,0,2.49691e-05,2.49691e-05,0,Zone D
4600,2650,0,0,-8.2294e-05,8.2294e-05,0,Zone D
4783.38,2741.69,0,0,0.000135294,0.000135294,0,Zone D
4958.74,2829.37,0,0,-0.000173515,0.000173515,0,Zone D
5118.43,2909.21,0,0,0.000192161,0.000192161,0,Zone D
5255.45,2977.73,0,0,-0.000185074,0.000185074,0,Zone D
5363.83,3031.92,0,0,0.000154801,0.000154801,0,Zone D
5438.83,3069.42,0,0,-0.000101931,0.000101931,0,Zone D
5477.17,3088.58,0,0,3.62698e-05,3.62698e-05,0,Zone D
3668.29,400,0,0,0,0,0,Zone C
3615.04,400,0,0,0,0,0,Zone C
3510.88,400,0,0,0,0,0,Zone C
3360.35,400,0,0,0,0,0,Zone C
3170.04,400,0,0,0,0,0,Zone C
2948.25,400,0,0,0,0,0,Zone C
2704.69,400,0,0,0,0,0,Zone C
2450,400,0,0,0,0,0,Zone C
2195.31,400,0,0,0,0,0,Zone C
1951.75,400,0,0,0,0,0,Zone C
1729.96,400,0,0,0,0,0,Zone C
1539.65,400,0,0,0,0,0,Zone C
1389.12,400,0,0,0,0,0,Zone C
1284.96,400,0,0,0,0,0,Zone C
1231.71,400,0,0,0,0,0,Zone C
3700,1189.85,0,0,0,0,0,Zone C
3700,1172.81,0,0,0,0,0,Zone C
3700,1139.48,0,0,0,0,0,Zone C
3700,1091.31,0,0,0,0,0,Zone C
3700,1030.41,0,0,0,0,0,Zone C
3700,959.441,0,0,0,0,0,Zone C
3700,881.501,0,0,0,0,0,Zone C
3700,800,0,0,0,0,0,Zone C
3700,718.499,0,0,0,0,0,Zone C
3700,640.559,0,0,0,0,0,Zone C
3700,569.588,0,0,0,0,0,Zone C
3700,508.687,0,0,0,0,0,Zone C
3700,460.518,0,0,0,0,0,Zone C
3700,427.186,0,0,0,0,0,Zone C
3700,410.147,0,0,0,0,0,Zone C
3700,1496.19,0,0,0,0,0,Zone C
3700,1489.81,0,0,0,0,0,Zone C
3700,1477.31,0,0,0,0,0,Zone C
3700,1459.24,0,0,0,0,0,Zone C
3700,1436.4,0,0,0,0,0,Zone C
3700,1409.79,0,0,0,0,0,Zone C
3700,1380.56,0,0,0,0,0,Zone C
3700,1350,0,0,0,0,0,Zone C
3700,1319.44,0,0,0,0,0,Zone C
3700,1290.21,0,0,0,0,0,Zone C
3700,1263.6,0,0,0,0,0,Zone C
3700,1240.76,0,0,0,0,0,Zone C
3700,1222.69,0,0,0,0,0,Zone C
3700,1210.19,0,0,0,0,0,Zone C
3700,1203.81,0,0,0,0,0,Zone C
3700,2191.12,0,0,0,0,0,Zone C
3700,2176.21,0,0,0,0,0,Zone C
3700,2147.05,0,0,0,0,0,Zone C
3700,2104.9,0,0,0,0,0,Zone C
3700,2051.61,0,0,0,0,0,Zone C
3700,1989.51,0,0,0,0,0,Zone C
3700,1921.31,0,0,0,0,0,Zone C
3700,1850,0,0,0,0,0,Zone C
3700,1778.69,0,0,0,0,0,Zone C
3700,1710.49,0,0,0,0,0,Zone C
3700,1648.39,0,0,0,0,0,Zone C
3700,1595.1,0,0,0,0,0,Zone C
3700,1552.95,0,0,0,0,0,Zone C
3700,1523.79,0,0,0,0,0,Zone C
3700,1508.88,0,0,0,0,0,Zone C
1863.59,2200,0,0,5.72677e-06,5.72677e-06,0,Zone C
1903.21,2200,0,0,-1.67398e-05,1.67398e-05,0,Zone C
1980.7,2200,0,0,2.4236e-05,2.4236e-05,0,Zone C
2092.7,2200,0,0,-2.80341e-05,2.80341e-05,0,Zone C
2234.29,2200,0,0,2.59698e-05,2.59698e-05,0,Zone C
2399.3,2200,0,0,-1.95434e-05,1.95434e-05,0,Zone C
2580.51,2200,0,0,8.23502e-06,8.23502e-06,0,Zone C
2770,2200,0,0,4.51817e-06,4.51817e-06,0,Zone C
2959.49,2200,0,0,-1.77616e-05,1.77616e-05,0,Zone C
3140.7,2200,0,0,2.75318e-05,2.75318e-05,0,Zone C
3305.71,2200,0,0,-3.33277e-05,3.33277e-05,0,Zone C
3447.3,2200,0,0,3.31589e-05,3.31589e-05,0,Zone C
3559.3,2200,0,0,-2.82098e-05,2.82098e-05,0,Zone C
3636.79,2200,0,0,1.86275e-05,1.86275e-05,0,Zone C
3676.41,2200,0,0,-6.62308e-06,6.62308e-06,0,Zone C
1208.12,422.832,0,0,0,0,0,Zone C
1221.75,461.168,0,0,0,0,0,Zone C
1248.41,536.166,0,0,0,0,0,Zone C
1286.95,644.546,0,0,0,0,0,Zone C
1335.67,781.573,0,0,0,0,0,Zone C
1392.45,941.258,0,0,0,0,0,Zone C
1454.8,1116.62,0,0,0,0,0,Zone C
1520,1300,0,0,0,0,0,Zone C
1585.2,1483.38,0,0,0,0,0,Zone C
1647.55,1658.74,0,0,0,0,0,Zone C
1704.33,1818.43,0,0,0,0,0,Zone C
1753.05,1955.45,0,0,0,0,0,Zone C
1791.59,2063.83,0,0,0,0,0,Zone C
1818.25,2138.83,0,0,0,0,0,Zone C
1831.88,2177.17,0,0,0,0,0,Zone C
3300,1203.81,0,0,0,0,0,Bedrock
3300,1210.19,0,0,0,0,0,Bedrock
3300,1222.69,0,0,0,0,0,Bedrock
3300,1240.76,0,0,0,0,0,Bedrock
3300,1263.6,0,0,0,0,0,Bedrock
3300,1290.21,0,0,0,0,0,Bedrock
3300,1319.44,0,0,0,0,0,Bedrock
3300,1350,0,0,0,0,0,Bedrock
3300,1380.56,0,0,0,0,0,Bedrock
3300,1409.79,0,0,0,0,0,Bedrock
3300,1436.4,0,0,0,0,0,Bedrock
3300,1459.24,0,0,0,0,0,Bedrock
3300,1477.31,0,0,0,0,0,Bedrock
3300,1489.81,0,0,0,0,0,Bedrock
3300,1496.19,0,0,0,0,0,Bedrock
3694.93,1200,0,0,0,0,0,Bedrock
3686.41,1200,0,0,0,0,0,Bedrock
3669.74,1200,0,0,0,0,0,Bedrock
3645.66,1200,0,0,0,0,0,Bedrock
3615.21,1200,0,0,0,0,0,Bedrock
3579.72,1200,0,0,0,0,0,Bedrock
3540.75,1200,0,0,0,0,0,Bedrock
3500,1200,0,0,0,0,0,Bedrock
3459.25,1200,0,0,0,0,0,Bedrock
3420.28,1200,0,0,0,0,0,Bedrock
3384.79,1200,0,0,0,0,0,Bedrock
3354.34,1200,0,0,0,0,0,Bedrock
3330.26,1200,0,0,0,0,0,Bedrock
3313.59,1200,0,0,0,0,0,Bedrock
3305.07,1200,0,0,0,0,0,Bedrock
5477.17,1200,0,0,0,0,0,Bedrock
5438.83,1200,0,0,0,0,0,Bedrock
5363.83,1200,0,0,0,0,0,Bedrock
5255.45,1200,0,0,0,0,0,Bedrock
5118.43,1200,0,0,0,0,0,Bedrock
4958.74,1200,0,0,0,0,0,Bedrock
4783.38,1200,0,0,0,0,0,Bedrock
4600,1200,0,0,0,0,0,Bedrock
4416.62,1200,0,0,0,0,0,Bedrock
4241.26,1200,0,0,0,0,0,Bedrock
4081.57,1200,0,0,0,0,0,Bedrock
3944.55,1200,0,0,0,0,0,Bedrock
3836.17,1200,0,0,0,0,0,Bedrock
3761.17,1200,0,0,0,0,0,Bedrock
3722.83,1200,0,0,0,0,0,Bedrock
5500,1496.19,0,0,0,0,0,Bedrock
5500,1489.81,0,0,0,0,0,Bedrock
5500,1477.31,0,0,0,0,0,Bedrock
5500,1459.24,0,0,0,0,0,Bedrock
5500,1436.4,0,0,0,0,0,Bedrock
5500,1409.79,0,0,0,0,0,Bedrock
5500,1380.56,0,0,0,0,0,Bedrock
5500,1350,0,0,0,0,0,Bedrock
5500,1319.44,0,0,0,0,0,Bedrock
5500,1290.21,0,0,0,0,0,Bedrock
5500,1263.6,0,0,0,0,0,Bedrock
5500,1240.76,0,0,0,0,0,Bedrock
5500,1222.69,0,0,0,0,0,Bedrock
5500,1210.19,0,0,0,0,0,Bedrock
5500,1203.81,0,0,0,0,0,Bedrock
3722.83,1500,0,0,0,0,0,Bedrock
3761.17,1500,0,0,0,0,0,Bedrock
3836.17,1500,0,0,0,0,0,Bedrock
3944.55,1500,0,0,0,0,0,Bedrock
4081.57,1500,0,0,0,0,0,Bedrock
4241.26,1500,0,0,0,0,0,Bedrock
4416.62,1500,0,0,0,0,0,Bedrock
4600,1500,0,0,0,0,0,Bedrock
4783.38,1500,0,0,0,0,0,Bedrock
4958.74,1500,0,0,0,0,0,Bedrock
5118.43,1500,0,0,0,0,0,Bedrock
5255.45,1500,0,0,0,0,0,Bedrock
5363.83,1500,0,0,0,0,0,Bedrock
5438.83,1500,0,0,0,0,0,Bedrock
5477.17,1500,0,0,0,0,0,Bedrock
3305.07,1500,0,0,0,0,0,Bedrock
3313.59,1500,0,0,0,0,0,Bedrock
3330.26,1500,0,0,0,0,0,Bedrock
3354.34,1500,0,0,0,0,0,Bedrock
3384.79,1500,0,0,0,0,0,Bedrock
3420.28,1500,0,0,0,0,0,Bedrock
3459.25,1500,0,0,0,0,0,Bedrock
3500,1500,0,0,0,0,0,Bedrock
3540.75,1500,0,0,0,0,0,Bedrock
3579.72,1500,0,0,0,0,0,Bedrock
3615.21,1500,0,0,0,0,0,Bedrock
3645.66,1500,0,0,0,0,0,Bedrock
3669.74,1500,0,0,0,0,0,Bedrock
3686.41,1500,0,0,0,0,0,Bedrock
3694.93,1500,0,0,0,0,0,Bedrock
3676.41,2200,0,0,0,0,0,Zone B
3636.79,2200,0,0,0,0,0,Zone B
3559.3,2200,0,0,0,0,0,Zone B
3447.3,2200,0,0,0,0,0,Zone B
3305.71,2200,0,0,0,0,0,Zone B
3140.7,2200,0,0,0,0,0,Zone B
2959.49,2200,0,0,0,0,0,Zone B
2770,2200,0,0,0,0,0,Zone B
2580.51,2200,0,0,0,0,0,Zone B
2399.3,2200,0,0,0,0,0,Zone B
2234.29,2200,0,0,0,0,0,Zone B
2092.7,2200,0,0,0,0,0,Zone B
1980.7,2200,0,0,0,0,0,Zone B
1903.21,2200,0,0,0,0,0,Zone B
1863.59,2200,0,0,0,0,0,Zone B
5477.17,3088.58,0,0,0,0,0,Zone B
5438.83,3069.42,0,0,0,0,0,Zone B
5363.83,3031.92,0,0,0,0,0,Zone B
5255.45,2977.73,0,0,0,0,0,Zone B
5118.43,2909.21,0,0,0,0,0,Zone B
4958.74,2829.37,0,0,0,0,0,Zone B
4783.38,2741.69,0,0,0,0,0,Zone B
4600,2650,0,0,0,0,0,Zone B
4416.62,2558.31,0,0,0,0,0,Zone B
4241.26,2470.63,0,0,0,0,0,Zone B
4081.57,2390.79,0,0,0,0,0,Zone B
3944.55,2322.27,0,0,0,0,0,Zone B
3836.17,2268.08,0,0,0,0,0,Zone B
3761.17,2230.58,0,0,0,0,0,Zone B
3722.83,2211.42,0,0,0,0,0,Zone B
3525.37,3100,0,0,0,0,0,Zone B
3567.96,3100,0,0,0,0,0,Zone B
3651.3,3100,0,0,0,0,0,Zone B
3771.72,3100,0,0,0,0,0,Zone B
3923.97,3100,0,0,0,0,0,Zone B
4101.4,3100,0,0,0,0,0,Zone B
4296.25,3100,0,0,0,0,0,Zone B
4500,3100,0,0,0,0,0,Zone B
4703.75,3100,0,0,0,0,0,Zone B
4898.6,3100,0,0,0,0,0,Zone B
5076.03,3100,0,0,0,0,0,Zone B
5228.28,3100,0,0,0,0,0,Zone B
5348.7,3100,0,0,0,0,0,Zone B
5432.04,3100,0,0,0,0,0,Zone B
5474.63,3100,0,0,0,0,0,Zone B
3500,4482.24,0,0,0,0,0,Zone B
3500,4452.42,0,0,0,0,0,Zone B
3500,4394.09,0,0,0,0,0,Zone B
3500,4309.8,0,0,0,0,0,Zone B
3500,4203.22,0,0,0,0,0,Zone B
3500,4079.02,0,0,0,0,0,Zone B
3500,3942.63,0,0,0,0,0,Zone B
3500,3800,0,0,0,0,0,Zone B
3500,3657.37,0,0,0,0,0,Zone B
3500,3520.98,0,0,0,0,0,Zone B
3500,3396.78,0,0,0,0,0,Zone B
3500,3290.2,0,0,0,0,0,Zone B
3500,3205.91,0,0,0,0,0,Zone B
3500,3147.58,0,0,0,0,0,Zone B
3500,3117.76,0,0,0,0,0,Zone B
2660.78,3789.13,0,0,0,0,0,Zone B
2678.88,3804.47,0,0,0,0,0,Zone B
2714.3,3834.47,0,0,0,0,0,Zone B
2765.48,3877.82,0,0,0,0,0,Zone B
2830.19,3932.63,0,0,0,0,0,Zone B
2905.59,3996.5,0,0,0,0,0,Zone B
2988.4,4066.65,0,0,0,0,0,Zone B
3075,4140,0,0,0,0,0,Zone B
3161.6,4213.35,0,0,0,0,0,Zone B
3244.41,4283.5,0,0,0,0,0,Zone B
3319.81,4347.37,0,0,0,0,0,Zone B
3384.52,4402.18,0,0,0,0,0,Zone B
3435.7,4445.53,0,0,0,0,0,Zone B
3471.12,4475.53,0,0,0,0,0,Zone B
3489.22,4490.87,0,0,0,0,0,Zone B
1850.27,2220.04,0,0,0,0,0,Zone B
1867.53,2253.69,0,0,0,0,0,Zone B
1901.27,2319.52,0,0,0,0,0,Zone B
1950.05,2414.66,0,0,0,0,0,Zone B
2011.71,2534.94,0,0,0,0,0,Zone B
2083.57,2675.1,0,0,0,0,0,Zone B
2162.48,2829.03,0,0,0,0,0,Zone B
2245,2990,0,0,0,0,0,Zone B
2327.52,3150.97,0,0,0,0,0,Zone B
2406.43,3304.9,0,0,0,0,0,Zone B
2478.29,3445.06,0,0,0,0,0,Zone B
2539.95,3565.34,0,0,0,0,0,Zone B
2588.73,3660.48,0,0,0,0,0,Zone B
2622.47,3726.31,0,0,0,0,0,Zone B
2639.73,3759.96,0,0,0,0,0,Zone B
5474.63,3100,0,0,3.21847e-05,3.21847e-05,0,Zone A
5432.04,3100,0,0,-9.56728e-05,9.56728e-05,0,Zone A
5348.7,3100,0,0,0.000139126,0.000139126,0,Zone A
5228.28,3100,0,0,-0.000162699,0.000162699,0,Zone A
5076.03,3100,0,0,0.000151314,0.000151314,0,Zone A
4898.6,3100,0,0,-0.000111913,0.000111913,0,Zone A
4703.75,3100,0,0,3.91016e-05,3.91016e-05,0,Zone A
4500,3100,0,0,4.72461e-05,4.72461e-05,0,Zone A
4296.25,3100,0,0,-0.000141008,0.000141008,0,Zone A
4101.4,3100,0,0,0.000214471,0.000214471,0,Zone A
3923.97,3100,0,0,-0.000262169,0.000262169,0,Zone A
3771.72,3100,0,0,0.000264015,0.000264015,0,Zone A
3651.3,3100,0,0,-0.000228747,0.000228747,0,Zone A
3567.96,3100,0,0,0.000151373,0.000151373,0,Zone A
3525.37,3100,0,0,-5.51659e-05,5.51659e-05,0,Zone A
5796.19,3198.73,0,0,-9.77256e-07,9.77256e-07,0,Zone A
5789.81,3196.6,0,0,9.67617e-07,9.67617e-07,0,Zone A
5777.31,3192.44,0,0,-3.07716e-06,3.07716e-06,0,Zone A
5759.24,3186.41,0,0,3.27264e-06,3.27264e-06,0,Zone A
5736.4,3178.8,0,0,-5.65217e-06,5.65217e-06,0,Zone A
5709.79,3169.93,0,0,5.99013e-06,5.99013e-06,0,Zone A
5680.56,3160.19,0,0,-8.37516e-06,8.37516e-06,0,Zone A
5650,3150,0,0,8.40484e-06,8.40484e-06,0,Zone A
5619.44,3139.81,0,0,-1.0214e-05,1.0214e-05,0,Zone A
5590.21,3130.07,0,0,9.2998e-06,9.2998e-06,0,Zone A
5563.6,3121.2,0,0,-9.95924e-06,9.95924e-06,0,Zone A
5540.76,3113.59,0,0,7.67848e-06,7.67848e-06,0,Zone A
5522.69,3107.56,0,0,-7.03224e-06,7.03224e-06,0,Zone A
5510.19,3103.4,0,0,3.50523e-06,3.50523e-06,0,Zone A
5503.81,3101.27,0,0,-2.03689e-06,2.03689e-06,0,Zone A
5800,5964.48,0,0,0,0,0,Zone A
5800,5904.85,0,0,0,0,0,Zone A
5800,5788.19,0,0,0,0,0,Zone A
5800,5619.59,0,0,0,0,0,Zone A
5800,5406.44,0,0,0,0,0,Zone A
5800,5158.04,0,0,0,0,0,Zone A
5800,4885.25,0,0,0,0,0,Zone A
5800,4600,0,0,0,0,0,Zone A
5800,4314.75,0,0,0,0,0,Zone A
5800,4041.96,0,0,0,0,0,Zone A
5800,3793.56,0,0,0,0,0,Zone A
5800,3580.41,0,0,0,0,0,Zone A
5800,3411.81,0,0,0,0,0,Zone A
5800,3295.15,0,0,0,0,0,Zone A
5800,3235.52,0,0,0,0,0,Zone A
5207.61,6000,0,0,0,0,0,Zone A
5220.39,6000,0,0,0,0,0,Zone A
5245.39,6000,0,0,0,0,0,Zone A
5281.52,6000,0,0,0,0,0,Zone A
5327.19,6000,0,0,0,0,0,Zone A
5380.42,6000,0,0,0,0,0,Zone A
5438.87,6000,0,0,0,0,0,Zone A
5500,6000,0,0,0,0,0,Zone A
5561.13,6000,0,0,0,0,0,Zone A
5619.58,6000,0,0,0,0,0,Zone A
5672.81,6000,0,0,0,0,0,Zone A
5718.48,6000,0,0,0,0,0,Zone A
5754.61,6000,0,0,0,0,0,Zone A
5779.61,6000,0,0,0,0,0,Zone A
5792.39,6000,0,0,0,0,0,Zone A
3521.56,4519.03,0,0,0,0,0,Zone A
3557.77,4550.97,0,0,0,0,0,Zone A
3628.6,4613.47,0,0,0,0,0,Zone A
3730.96,4703.79,0,0,0,0,0,Zone A
3860.37,4817.98,0,0,0,0,0,Zone A
4011.19,4951.05,0,0,0,0,0,Zone A
4176.81,5097.18,0,0,0,0,0,Zone A
4350,5250,0,0,0,0,0,Zone A
4523.19,5402.82,0,0,0,0,0,Zone A
4688.81,5548.95,0,0,0,0,0,Zone A
4839.63,5682.02,0,0,0,0,0,Zone A
4969.04,5796.21,0,0,0,0,0,Zone A
5071.4,5886.53,0,0,0,0,0,Zone A
5142.23,5949.03,0,0,0,0,0,Zone A
5178.44,5980.97,0,0,0,0,0,Zone A
3500,3117.76,0,0,1.26967e-05,1.26967e-05,0,Zone A
3500,3147.58,0,0,-3.80419e-05,3.80419e-05,0,Zone A
3500,3205.91,0,0,4.96701e-05,4.96701e-05,0,Zone A
3500,3290.2,0,0,-4.97957e-05,4.97957e-05,0,Zone A
3500,3396.78,0,0,2.92661e-05,2.92661e-05,0,Zone A
3500,3520.98,0,0,4.058e-06,4.058e-06,0,Zone A
3500,3657.37,0,0,-5.32012e-05,5.32012e-05,0,Zone A
3500,3800,0,0,0.000104485,0.000104485,0,Zone A
3500,3942.63,0,0,-0.000156253,0.000156253,0,Zone A
3500,4079.02,0,0,0.000192181,0.000192181,0,Zone A
3500,4203.22,0,0,-0.000210976,0.000210976,0,Zone A
3500,4309.8,0,0,0.00020075,0.00020075,0,Zone A
3500,4394.09,0,0,-0.000167582,0.000167582,0,Zone A
3500,4452.42,0,0,0.000109045,0.000109045,0,Zone A
3500,4482.24,0,0,-3.90039e-05,3.90039e-05,0,Zone A
5197.46,6000,1,0,0.00483637,0.00483637,0
5193.2,6000,1,0,-0.0263691,0.0263691,0
5184.87,6000,1,0,0.0561066,0.0561066,0
5172.83,6000,1,0,-0.081812,0.081812,0
5157.6,6000,1,0,0.0862095,0.0862095,0
5139.86,6000,1,0,-0.0630097,0.0630097,0
5120.38,6000,1,0,0.0130889,0.0130889,0
5100,6000,1,0,0.0506334,0.0506334,0
5079.62,6000,1,0,-0.10974,0.10974,0
5060.14,6000,1,0,0.147773,0.147773,0
5042.4,6000,1,0,-0.152718,0.152718,0
5027.17,6000,1,0,0.127971,0.127971,0
5015.13,6000,1,0,-0.0822787,0.0822787,0
5006.8,6000,1,0,0.0372426,0.0372426,0
5002.54,6000,1,0,-0.00695034,0.00695034,0
5792.39,6000,1,0,-6.15851e-05,6.15851e-05,0
5779.61,6000,1,0,-2.41905e-05,2.41905e-05,0
5754.61,6000,1,0,-5.87933e-06,5.87933e-06,0
5718.48,6000,1,0,-1.13608e-05,1.13608e-05,0
5672.81,6000,1,0,4.87977e-06,4.87977e-06,0
5619.58,6000,1,0,-1.08569e-05,1.08569e-05,0
5561.13,6000,1,0,6.72928e-06,6.72928e-06,0
5500,6000,1,0,-7.78583e-06,7.78583e-06,0
5438.87,6000,1,0,3.59501e-06,3.59501e-06,0
5380.42,6000,1,0,-3.11004e-06,3.11004e-06,0
5327.19,6000,1,0,1.11727e-07,1.11727e-07,0
5281.52,6000,1,0,-4.09489e-07,4.09489e-07,0
5245.39,6000,1,0,-8.94556e-07,8.94556e-07,0
5220.39,6000,1,0,-2.35636e-07,2.35636e-07,0
5207.61,6000,1,0,-5.20389e-07,5.20389e-07,0
7972.09,6000,1,0,5.49478e-05,5.49478e-05,0
7925.24,6000,1,0,-0.000294041,0.000294041,0
7833.58,6000,1,0,0.000647101,0.000647101,0
7701.11,6000,1,0,-0.000999729,0.000999729,0
7533.63,6000,1,0,0.001179,0.001179,0
7338.46,6000,1,0,-0.00111573,0.00111573,0
7124.13,6000,1,0,0.000787082,0.000787082,0
6900,6000,1,0,-0.000293471,0.000293471,0
6675.87,6000,1,0,-0.000226998,0.000226998,0
6461.54,6000,1,0,0.00062443,0.00062443,0
6266.37,6000,1,0,-0.000793623,0.000793623,0
6098.89,6000,1,0,0.000732112,0.000732112,0
5966.42,6000,1,0,-0.00049559,0.00049559,0
5874.76,6000,1,0,0.000230678,0.000230678,0
5827.91,6000,1,0,-4.35789e-05,4.35789e-05,0
1197.46,400,1,0,-0.00471952,0.00471952,0
1193.2,400,1,0,0.0249227,0.0249227,0
1184.87,400,1,0,-0.0531539,0.0531539,0
1172.83,400,1,0,0.0774278,0.0774278,0
1157.6,400,1,0,-0.0815454,0.0815454,0
1139.86,400,1,0,0.059452,0.059452,0
1120.38,400,1,0,-0.0120582,0.0120582,0
1100,400,1,0,-0.0484211,0.0484211,0
1079.62,400,1,0,0.104472,0.104472,0
1060.14,400,1,0,-0.140514,0.140514,0
1042.4,400,1,0,0.145132,0.145132,0
1027.17,400,1,0,-0.121582,0.121582,0
1015.13,400,1,0,0.0781545,0.0781545,0
1006.8,400,1,0,-0.0353752,0.0353752,0
1002.54,400,1,0,0.00659941,0.00659941,0
3668.29,400,1,0,-9.83134e-05,9.83134e-05,0
3615.04,400,1,0,0.000535524,0.000535524,0
3510.88,400,1,0,-0.0011895,0.0011895,0
3360.35,400,1,0,0.00187164,0.00187164,0
3170.04,400,1,0,-0.00227694,0.00227694,0
2948.25,400,1,0,0.00228157,0.00228157,0
2704.69,400,1,0,-0.00182319,0.00182319,0
2450,400,1,0,0.00105829,0.00105829,0
2195.31,400,1,0,-0.000196511,0.000196511,0
1951.75,400,1,0,-0.000509858,0.000509858,0
1729.96,400,1,0,0.000887294,0.000887294,0
1539.65,400,1,0,-0.000906505,0.000906505,0
1389.12,400,1,0,0.000643312,0.000643312,0
1284.96,400,1,0,-0.000306611,0.000306611,0
1231.71,400,1,0,5.85188e-05,5.85188e-05,0
6464.48,400,1,0,-1.35646e-05,1.35646e-05,0
6404.85,400,1,0,7.75402e-05,7.75402e-05,0
6288.19,400,1,0,-0.000169037,0.000169037,0
6119.59,400,1,0,0.000259081,0.000259081,0
5906.44,400,1,0,-0.000300656,0.000300656,0
5658.04,400,1,0,0.000275875,0.000275875,0
5385.25,400,1,0,-0.000179932,0.000179932,0
5100,400,1,0,4.11409e-05,4.11409e-05,0
4814.75,400,1,0,0.000101445,0.000101445,0
4541.96,400,1,0,-0.000206992,0.000206992,0
4293.56,400,1,0,0.000246673,0.000246673,0
4080.41,400,1,0,-0.000221515,0.000221515,0
3911.81,400,1,0,0.000147918,0.000147918,0
3795.15,400,1,0,-6.83561e-05,6.83561e-05,0
3735.52,400,1,0,1.28741e-05,1.28741e-05,0
7980.97,400,1,0,-0.010597,0.010597,0
7949.03,400,1,0,0.0568038,0.0568038,0
7886.53,400,1,0,-0.125494,0.125494,0
7796.21,400,1,0,0.195219,0.195219,0
7682.02,400,1,0,-0.233017,0.233017,0
7548.95,400,1,0,0.225574,0.225574,0
7402.82,400,1,0,-0.167668,0.167668,0
7250,400,1,0,0.0776345,0.0776345,0
7097.18,400,1,0,0.0194999,0.0194999,0
6951.05,400,1,0,-0.095606,0.095606,0
6817.98,400,1,0,0.131067,0.131067,0
6703.79,400,1,0,-0.124425,0.124425,0
6613.47,400,1,0,0.0854111,0.0854111,0
6550.97,400,1,0,-0.0400435,0.0400435,0
6519.03,400,1,0,0.00758754,0.00758754,0
